Noah,0.943
Liam,0.904
Mason,0.842
Jacob,0.823
William,0.822
Ethan,0.769
Michael,0.755
Alexander,0.753
James,0.705
Daniel,0.681
Elijah,0.675
Benjamin,0.674
Logan,0.669
Aiden,0.655
Jayden,0.634
Matthew,0.631
Jackson,0.597
David,0.595
Lucas,0.595
Joseph,0.591
Anthony,0.566
Andrew,0.545
Samuel,0.535
Gabriel,0.533
Joshua,0.53
John,0.522
Carter,0.522
Luke,0.514
Dylan,0.51
Christopher,0.506
Isaac,0.486
Oliver,0.461
Henry,0.461
Sebastian,0.455
Caleb,0.45
Owen,0.448
Ryan,0.445
Nathan,0.439
Wyatt,0.434
Hunter,0.432
Jack,0.428
Christian,0.413
Landon,0.403
Jonathan,0.396
Levi,0.392
Jaxon,0.376
Julian,0.375
Isaiah,0.371
Eli,0.366
Aaron,0.361
Charles,0.358
Connor,0.354
Cameron,0.346
Thomas,0.343
Jordan,0.336
Jeremiah,0.334
Nicholas,0.331
Evan,0.328
Adrian,0.328
Gavin,0.324
Robert,0.324
Brayden,0.322
Grayson,0.322
Josiah,0.314
Colton,0.312
Austin,0.309
Angel,0.308
Jace,0.308
Dominic,0.306
Kevin,0.289
Brandon,0.286
Tyler,0.285
Parker,0.28
Ayden,0.275
Jason,0.271
Jose,0.268
Ian,0.267
Chase,0.262
Adam,0.261
Hudson,0.256
Nolan,0.255
Zachary,0.253
Easton,0.244
Blake,0.242
Jaxson,0.241
Cooper,0.237
Lincoln,0.236
Xavier,0.233
Bentley,0.233
Kayden,0.231
Carson,0.226
Brody,0.212
Asher,0.211
Nathaniel,0.21
Ryder,0.201
Justin,0.197
Leo,0.194
Juan,0.191
Luis,0.191
Camden,0.191
Tristan,0.191
Damian,0.19
Elias,0.185
Vincent,0.184
Jase,0.183
Mateo,0.182
Maxwell,0.182
Miles,0.179
Micah,0.178
Sawyer,0.176
Jesus,0.173
Max,0.171
Roman,0.169
Leonardo,0.169
Santiago,0.168
Cole,0.168
Carlos,0.168
Bryson,0.167
Ezra,0.166
Brantley,0.164
Braxton,0.164
Declan,0.163
Eric,0.162
Kaiden,0.16
Giovanni,0.159
Theodore,0.157
Harrison,0.157
Alex,0.156
Diego,0.155
Wesley,0.153
Bryce,0.153
Ivan,0.151
Greyson,0.149
George,0.147
Timothy,0.147
Weston,0.145
Silas,0.143
Jonah,0.142
Antonio,0.141
Colin,0.141
Richard,0.141
Hayden,0.14
Ashton,0.138
Steven,0.137
Axel,0.137
Miguel,0.135
Kaleb,0.135
Bryan,0.134
Preston,0.133
Jayce,0.133
Ryker,0.131
Victor,0.131
Patrick,0.131
Joel,0.13
Grant,0.129
Emmett,0.129
Alejandro,0.128
Marcus,0.128
Jameson,0.127
Edward,0.126
Kingston,0.126
Jude,0.126
Maddox,0.126
Abel,0.126
Emmanuel,0.126
Bennett,0.124
Everett,0.124
Brian,0.124
Jeremy,0.123
Alan,0.123
Kaden,0.12
Jaden,0.12
Riley,0.12
Jesse,0.119
King,0.119
Tucker,0.119
Kai,0.118
Kyle,0.117
Malachi,0.116
Abraham,0.116
Ezekiel,0.116
Calvin,0.114
Oscar,0.114
Bradley,0.114
Luca,0.113
Avery,0.112
Aidan,0.112
Zayden,0.109
Mark,0.106
Jake,0.106
Kenneth,0.105
Maximus,0.104
Sean,0.104
Karter,0.104
Brady,0.103
Nicolas,0.101
Cayden,0.1
Caden,0.1
Graham,0.1
Jayceon,0.099
Paul,0.098
Gage,0.095
Corbin,0.094
Peter,0.094
Derek,0.092
Maverick,0.092
Jorge,0.091
Tanner,0.091
Jax,0.09
Peyton,0.09
Xander,0.09
Amir,0.089
Gael,0.089
Omar,0.088
Iker,0.088
Javier,0.087
Elliot,0.086
Jasper,0.085
Rylan,0.085
Cody,0.085
Dean,0.084
Andres,0.084
Collin,0.083
Zane,0.082
Charlie,0.082
Myles,0.082
Lorenzo,0.08
Beau,0.08
Conner,0.08
Lukas,0.08
Simon,0.079
Francisco,0.078
Elliott,0.078
Finn,0.077
Gunner,0.077
Garrett,0.076
Jaiden,0.076
Keegan,0.076
Rowan,0.075
Israel,0.075
Griffin,0.075
August,0.075
Judah,0.075
Beckett,0.074
Brooks,0.074
Zander,0.074
Spencer,0.074
Chance,0.074
Damien,0.074
Seth,0.073
Waylon,0.073
Travis,0.073
Devin,0.073
Emiliano,0.072
Zion,0.072
Ricardo,0.072
Erick,0.071
Stephen,0.071
Reid,0.07
Paxton,0.07
Eduardo,0.07
Martin,0.07
Fernando,0.069
Raymond,0.068
Manuel,0.067
Jeffrey,0.067
Felix,0.067
Dallas,0.067
Josue,0.067
Mario,0.067
Clayton,0.066
Caiden,0.066
Cristian,0.066
Troy,0.065
Cash,0.065
Trevor,0.065
Shane,0.063
Kameron,0.063
Cesar,0.063
Emilio,0.063
Andy,0.062
Tyson,0.062
Andre,0.062
Donovan,0.062
Titus,0.061
Knox,0.061
River,0.06
Kyler,0.06
Louis,0.06
Cruz,0.06
Hector,0.06
Holden,0.06
Rafael,0.059
Landen,0.059
Lane,0.059
Jared,0.058
Edwin,0.058
Messiah,0.058
Johnny,0.058
Edgar,0.058
Johnathan,0.058
Alexis,0.058
Archer,0.058
Anderson,0.057
Trenton,0.056
Arthur,0.056
Sergio,0.056
Marco,0.055
Julius,0.055
Dominick,0.055
Milo,0.055
Dalton,0.054
Remington,0.054
Dante,0.054
Angelo,0.054
Gregory,0.054
Reed,0.054
Jaylen,0.053
Marshall,0.053
Dawson,0.053
Leon,0.053
Drew,0.052
Shawn,0.052
Emerson,0.052
Fabian,0.052
Joaquin,0.051
Walker,0.051
Erik,0.051
Desmond,0.051
Karson,0.051
Emanuel,0.05
Jett,0.05
Ali,0.05
Kendrick,0.05
Aden,0.049
Frank,0.048
Walter,0.048
Rhett,0.048
Colt,0.048
Amari,0.048
Romeo,0.047
Cohen,0.047
Roberto,0.047
Maximiliano,0.047
Grady,0.047
Barrett,0.047
Zaiden,0.047
Drake,0.046
Gideon,0.046
Major,0.046
Brendan,0.045
Skyler,0.045
Derrick,0.045
Pedro,0.044
Phoenix,0.044
Noel,0.044
Ruben,0.044
Braden,0.044
Nehemiah,0.043
Dakota,0.043
Cade,0.043
Kamden,0.043
Quinn,0.043
Nash,0.043
Kason,0.043
Ronan,0.042
Allen,0.042
Porter,0.042
Enzo,0.042
Atticus,0.042
Kash,0.041
Jay,0.041
Adan,0.041
Finley,0.041
Matteo,0.041
Malik,0.041
Abram,0.041
Braylon,0.04
Ace,0.04
Solomon,0.04
Gunnar,0.04
Clark,0.04
Orion,0.04
Ismael,0.04
Kellan,0.04
Brennan,0.04
Corey,0.039
Tate,0.039
Philip,0.039
Thiago,0.039
Phillip,0.039
Esteban,0.039
Jayson,0.039
Dexter,0.039
Jensen,0.039
Pablo,0.038
Ronald,0.038
Dillon,0.038
Muhammad,0.038
Armando,0.038
Bruce,0.038
Gerardo,0.038
Brycen,0.038
Marcos,0.038
Kade,0.037
Kolton,0.037
Damon,0.037
Braylen,0.037
Russell,0.037
Leland,0.037
Milan,0.037
Prince,0.037
Gannon,0.037
Enrique,0.037
Keith,0.037
Rory,0.037
Brock,0.036
Donald,0.036
Tobias,0.036
Chandler,0.036
Deacon,0.036
Cason,0.036
Raul,0.035
Ty,0.035
Scott,0.035
Landyn,0.035
Mohamed,0.035
Colby,0.035
Danny,0.035
Leonel,0.035
Kayson,0.034
Warren,0.034
Adriel,0.034
Dustin,0.034
Taylor,0.034
Albert,0.034
Ryland,0.034
Hugo,0.034
Keaton,0.034
Jamison,0.034
Ari,0.033
Malcolm,0.033
Ellis,0.033
Kellen,0.033
Maximilian,0.033
Davis,0.033
Saul,0.032
Tony,0.032
Rocco,0.032
Zachariah,0.032
Jerry,0.032
Julio,0.032
Franklin,0.032
Arjun,0.032
Ibrahim,0.032
Nico,0.032
Jaxton,0.032
Jakob,0.031
Izaiah,0.031
Moises,0.031
Cyrus,0.031
Lawrence,0.031
Sullivan,0.031
Finnegan,0.031
Khalil,0.031
Mathew,0.031
Case,0.03
Jaime,0.03
Alec,0.03
Pierce,0.03
Quentin,0.03
Kasen,0.03
Darius,0.03
Colten,0.03
Royce,0.03
Odin,0.029
Kane,0.029
Francis,0.029
Raiden,0.029
Trey,0.029
Daxton,0.029
Gustavo,0.029
Rhys,0.028
Alijah,0.028
Lawson,0.028
Beckham,0.028
Moses,0.028
Rodrigo,0.028
Armani,0.028
Uriel,0.028
Dennis,0.028
Marvin,0.028
Harvey,0.028
Kian,0.028
Raylan,0.028
Darren,0.028
Frederick,0.028
Mohammed,0.028
Trent,0.028
Jonas,0.027
Zayne,0.027
Callen,0.027
Matias,0.027
Mitchell,0.027
Kyrie,0.027
Uriah,0.027
Tristen,0.027
Sterling,0.027
Theo,0.027
Larry,0.027
Randy,0.027
Korbin,0.027
Alberto,0.026
Chris,0.026
Gianni,0.026
Killian,0.026
Princeton,0.026
Arturo,0.026
Ricky,0.026
Malakai,0.026
Aarav,0.026
Asa,0.026
Jimmy,0.026
Alfredo,0.026
Alonzo,0.026
Benson,0.026
Braydon,0.026
Devon,0.026
Curtis,0.026
Casey,0.026
Justice,0.026
Roy,0.025
Sam,0.025
Legend,0.025
Dorian,0.025
Nikolai,0.025
Kobe,0.025
Winston,0.025
Arlo,0.025
Reece,0.025
Lance,0.025
Wade,0.025
Cannon,0.025
Augustus,0.025
Hayes,0.025
Hendrix,0.025
Isaias,0.025
Neymar,0.025
Ahmed,0.024
Jaxen,0.024
Nasir,0.024
Brayan,0.024
Issac,0.024
Ronin,0.024
Talon,0.024
Boston,0.024
Moshe,0.024
Orlando,0.024
Vihaan,0.024
Gary,0.024
Bowen,0.024
Luka,0.024
Nikolas,0.024
Yahir,0.024
Joe,0.024
Leonidas,0.024
Quinton,0.024
Luciano,0.024
Ezequiel,0.024
Ayaan,0.024
Ahmad,0.024
Jalen,0.024
Royal,0.024
Jamari,0.024
Noe,0.024
Kieran,0.024
Mauricio,0.024
Conor,0.024
Johan,0.023
Matthias,0.023
Bryant,0.023
Mathias,0.023
Maurice,0.023
Roger,0.023
Lennox,0.023
Nathanael,0.023
Nixon,0.023
Mohammad,0.023
Yusuf,0.023
Eddie,0.023
Kristopher,0.023
Tatum,0.023
Jacoby,0.023
Wilson,0.023
Alvin,0.023
Raphael,0.022
Lewis,0.022
Douglas,0.022
Mekhi,0.022
Salvador,0.022
Eden,0.022
Hank,0.022
Cullen,0.022
Dax,0.022
Toby,0.022
Rayan,0.022
Emmitt,0.022
Lucian,0.022
Jefferson,0.021
Casen,0.021
London,0.021
Roland,0.021
Carl,0.021
Crosby,0.021
Bodhi,0.021
Dominik,0.021
Niko,0.021
Zackary,0.021
Deandre,0.021
Hamza,0.021
Remy,0.021
Quincy,0.021
Alessandro,0.021
Sincere,0.021
Dane,0.021
Terry,0.021
Otto,0.02
Samson,0.02
Madden,0.02
Jasiah,0.02
Layne,0.02
Santino,0.02
Rohan,0.02
Abdullah,0.02
Brentley,0.02
Marc,0.02
Skylar,0.02
Bo,0.02
Kyson,0.02
Soren,0.02
Harley,0.02
Nelson,0.02
Layton,0.02
Payton,0.02
Aldo,0.02
Atlas,0.02
Ramon,0.02
Reese,0.02
Conrad,0.02
Morgan,0.02
Ernesto,0.02
Byron,0.02
Carmelo,0.02
Sage,0.02
Neil,0.02
Kristian,0.02
Oakley,0.019
Tomas,0.019
Flynn,0.019
Lionel,0.019
Kylan,0.019
Leonard,0.019
Rex,0.019
Brett,0.019
Jeffery,0.019
Duke,0.019
Sylas,0.019
Callan,0.019
Tripp,0.019
Bruno,0.019
Zechariah,0.019
Melvin,0.019
Branson,0.018
Blaine,0.018
Jon,0.018
Julien,0.018
Arian,0.018
Guillermo,0.018
Zain,0.018
Rayden,0.018
Brodie,0.018
Crew,0.018
Memphis,0.018
Kelvin,0.018
Stanley,0.018
Joey,0.018
Emery,0.018
Terrance,0.018
Channing,0.018
Edison,0.018
Lennon,0.018
Demetrius,0.018
Amos,0.018
Cayson,0.018
Rodney,0.017
Cory,0.017
Elian,0.017
Xzavier,0.017
Bronson,0.017
Bentlee,0.017
Lee,0.017
Dayton,0.017
Chad,0.017
Cassius,0.017
Jagger,0.017
Fletcher,0.017
Omari,0.017
Alonso,0.017
Yosef,0.017
Westin,0.017
Brenden,0.017
Makai,0.017
Felipe,0.017
Harry,0.017
Alden,0.016
Maxim,0.016
Nickolas,0.016
Davion,0.016
Forrest,0.016
Allan,0.016
Enoch,0.016
Willie,0.016
Ben,0.016
Terrence,0.016
Tommy,0.016
Adonis,0.016
Cain,0.016
Harper,0.016
Callum,0.016
Jermaine,0.016
Kody,0.016
Thaddeus,0.016
Ray,0.016
Kamari,0.016
Aydin,0.016
Zeke,0.016
Markus,0.016
Ariel,0.016
Elisha,0.016
Lucca,0.016
Marcelo,0.016
Shaun,0.016
Aryan,0.016
Vicente,0.016
Aron,0.016
Keagan,0.015
Marlon,0.015
Langston,0.015
Ulises,0.015
Anders,0.015
Kareem,0.015
Bobby,0.015
Davian,0.015
Kendall,0.015
Ronnie,0.015
Jadiel,0.015
Samir,0.015
Alexzander,0.015
Hassan,0.015
Kingsley,0.015
Axton,0.015
Trace,0.015
Will,0.015
Jamal,0.015
Valentino,0.015
Yousef,0.015
Brecken,0.015
Fisher,0.015
Giovani,0.015
Kaysen,0.015
Maxton,0.015
Mayson,0.015
Van,0.015
Hezekiah,0.015
Blaze,0.015
Kolten,0.015
Misael,0.015
Javon,0.015
Kolby,0.015
Rogelio,0.015
Ares,0.014
Jedidiah,0.014
Bode,0.014
Leandro,0.014
Cedric,0.014
Jamie,0.014
Rowen,0.014
Urijah,0.014
Wayne,0.014
Eugene,0.014
Kole,0.014
Camron,0.014
Darian,0.014
Billy,0.014
Kase,0.014
Rene,0.014
Duncan,0.014
Adrien,0.014
Alfred,0.014
Maison,0.014
Apollo,0.014
Braeden,0.014
Mack,0.014
Clyde,0.014
Reginald,0.014
Anson,0.014
Jerome,0.014
Ishaan,0.014
Jessie,0.014
Javion,0.014
Micheal,0.014
Vincenzo,0.014
Camdyn,0.014
Gauge,0.014
Keenan,0.014
Gerald,0.014
Franco,0.013
Junior,0.013
Justus,0.013
Jamir,0.013
Marley,0.013
Terrell,0.013
Giancarlo,0.013
Braiden,0.013
Brantlee,0.013
Draven,0.013
Titan,0.013
Harold,0.013
Landry,0.013
Zayn,0.013
Briggs,0.013
Kyree,0.013
Chaim,0.013
Dilan,0.013
Joziah,0.013
Marquis,0.013
Jonathon,0.013
Azariah,0.013
Kenny,0.013
Amare,0.013
Brent,0.013
Clay,0.013
Stetson,0.013
Tyrone,0.013
Blaise,0.013
Dariel,0.013
Lamar,0.013
Reuben,0.013
Alfonso,0.013
Axl,0.013
Stefan,0.013
Finnley,0.013
Marcel,0.013
Jaydon,0.013
Kalel,0.013
Triston,0.013
Darrell,0.013
Steve,0.013
Abdiel,0.013
Lyric,0.013
Gibson,0.013
Thatcher,0.013
Henrik,0.012
Jadon,0.012
Jairo,0.012
Rudy,0.012
Castiel,0.012
Emory,0.012
Hugh,0.012
Konnor,0.012
Graysen,0.012
Cristiano,0.012
Deshawn,0.012
Eliezer,0.012
Kamdyn,0.012
Miller,0.012
Rylee,0.012
Tristian,0.012
Agustin,0.012
Ernest,0.012
Dwayne,0.012
Dimitri,0.012
Ford,0.012
Rey,0.012
Zavier,0.012
Arnav,0.012
Santana,0.012
Vance,0.012
Jamarion,0.012
Ramiro,0.012
Sonny,0.012
Brice,0.012
Leighton,0.012
Gilbert,0.012
Jordyn,0.012
Kaeden,0.012
Anton,0.012
Coen,0.012
Salvatore,0.012
Seamus,0.012
Zaire,0.012
Aaden,0.012
Chevy,0.012
Lachlan,0.012
Rolando,0.012
Aydan,0.012
Darwin,0.012
Randall,0.012
Santos,0.012
Yael,0.012
Grey,0.012
Kohen,0.012
Rashad,0.012
Jayse,0.011
Lochlan,0.011
Mustafa,0.011
Johnathon,0.011
Kannon,0.011
Konner,0.011
Jovani,0.011
Maximo,0.011
Alvaro,0.011
Clinton,0.011
Aidyn,0.011
Kymani,0.011
Davin,0.011
Jordy,0.011
Ephraim,0.011
Frankie,0.011
Heath,0.011
Houston,0.011
Kamron,0.011
Craig,0.011
Cristopher,0.011
Gordon,0.011
Harlan,0.011
Turner,0.011
Vaughn,0.011
Vivaan,0.011
Ameer,0.011
Gavyn,0.011
Gino,0.011
Jovanni,0.011
Benton,0.011
Rodolfo,0.011
Dominique,0.011
Jaycob,0.011
Jericho,0.011
Augustine,0.011
Coleman,0.011
Dash,0.011
Eliseo,0.011
Khalid,0.011
Quintin,0.011
Makhi,0.011
Zaid,0.011
Anakin,0.011
Baylor,0.011
Emmet,0.011
Judson,0.011
Truman,0.011
Camilo,0.011
Efrain,0.011
Semaj,0.011
Camren,0.011
Damari,0.011
Kamryn,0.011
Deangelo,0.011
Giovanny,0.011
Mike,0.011
Dario,0.011
Kale,0.011
Broderick,0.01
Jayvion,0.01
Kaison,0.01
Koen,0.01
Magnus,0.01
Darien,0.01
Teagan,0.01
Valentin,0.01
Bodie,0.01
Brayson,0.01
Chace,0.01
Kylen,0.01
Yehuda,0.01
Bridger,0.01
Howard,0.01
Maddux,0.01
Osvaldo,0.01
Rocky,0.01
Ayan,0.01
Boden,0.01
Foster,0.01
Jair,0.01
Reyansh,0.01
Tyree,0.01
Ean,0.01
Leif,0.01
Reagan,0.01
Rylen,0.01
Emma,1.073
Olivia,1.015
Sophia,0.954
Isabella,0.874
Ava,0.804
Mia,0.693
Emily,0.648
Abigail,0.618
Madison,0.529
Charlotte,0.518
Harper,0.493
Sofia,0.492
Avery,0.491
Elizabeth,0.49
Amelia,0.45
Evelyn,0.448
Ella,0.438
Chloe,0.437
Victoria,0.41
Aubrey,0.391
Grace,0.39
Zoey,0.38
Natalie,0.364
Addison,0.359
Lillian,0.354
Brooklyn,0.349
Lily,0.347
Hannah,0.336
Layla,0.332
Scarlett,0.308
Aria,0.304
Zoe,0.301
Samantha,0.293
Anna,0.291
Leah,0.287
Audrey,0.285
Ariana,0.282
Allison,0.281
Savannah,0.28
Arianna,0.27
Camila,0.268
Penelope,0.261
Gabriella,0.261
Claire,0.257
Aaliyah,0.25
Sadie,0.249
Riley,0.246
Skylar,0.244
Nora,0.243
Sarah,0.24
Hailey,0.237
Kaylee,0.233
Paisley,0.231
Kennedy,0.23
Ellie,0.229
Peyton,0.228
Annabelle,0.223
Caroline,0.222
Madelyn,0.221
Serenity,0.221
Aubree,0.22
Lucy,0.22
Alexa,0.218
Alexis,0.216
Nevaeh,0.216
Stella,0.215
Violet,0.214
Genesis,0.214
Mackenzie,0.213
Bella,0.209
Autumn,0.208
Mila,0.208
Kylie,0.203
Maya,0.201
Piper,0.198
Alyssa,0.196
Taylor,0.195
Eleanor,0.191
Melanie,0.19
Naomi,0.19
Faith,0.189
Eva,0.188
Katherine,0.188
Lydia,0.186
Brianna,0.185
Julia,0.185
Ashley,0.183
Khloe,0.181
Madeline,0.176
Ruby,0.175
Sophie,0.174
Alexandra,0.17
London,0.168
Lauren,0.158
Gianna,0.158
Isabelle,0.157
Alice,0.157
Vivian,0.157
Hadley,0.154
Jasmine,0.154
Morgan,0.154
Kayla,0.154
Cora,0.152
Bailey,0.151
Kimberly,0.149
Reagan,0.149
Hazel,0.148
Clara,0.146
Sydney,0.146
Trinity,0.143
Natalia,0.143
Valentina,0.143
Rylee,0.142
Jocelyn,0.142
Maria,0.141
Aurora,0.14
Eliana,0.14
Brielle,0.136
Liliana,0.135
Mary,0.135
Elena,0.134
Molly,0.133
Makayla,0.132
Lilly,0.132
Andrea,0.131
Quinn,0.131
Jordyn,0.131
Adalynn,0.13
Nicole,0.13
Delilah,0.129
Kendall,0.125
Kinsley,0.125
Ariel,0.125
Payton,0.124
Paige,0.124
Mariah,0.123
Brooke,0.123
Willow,0.122
Jade,0.122
Lyla,0.122
Mya,0.122
Ximena,0.12
Luna,0.119
Isabel,0.119
Mckenzie,0.119
Ivy,0.117
Josephine,0.116
Amy,0.112
Laila,0.11
Isla,0.109
Eden,0.109
Adalyn,0.109
Angelina,0.109
Londyn,0.107
Rachel,0.106
Melody,0.106
Juliana,0.105
Kaitlyn,0.105
Brooklynn,0.105
Destiny,0.105
Emery,0.105
Gracie,0.104
Norah,0.103
Emilia,0.103
Reese,0.101
Elise,0.101
Sara,0.101
Aliyah,0.1
Margaret,0.1
Catherine,0.099
Vanessa,0.099
Katelyn,0.099
Gabrielle,0.098
Arabella,0.098
Valeria,0.097
Valerie,0.097
Adriana,0.096
Everly,0.096
Jessica,0.092
Daisy,0.091
Makenzie,0.091
Summer,0.091
Lila,0.091
Rebecca,0.091
Julianna,0.091
Callie,0.09
Michelle,0.09
Ryleigh,0.09
Presley,0.089
Alaina,0.089
Angela,0.089
Alina,0.088
Harmony,0.088
Rose,0.087
Athena,0.087
Emerson,0.086
Adelyn,0.086
Alana,0.086
Hayden,0.085
Izabella,0.085
Cali,0.085
Marley,0.085
Esther,0.084
Fiona,0.084
Stephanie,0.084
Cecilia,0.084
Kate,0.083
Kinley,0.083
Jayla,0.083
Genevieve,0.082
Alexandria,0.082
Eliza,0.082
Kylee,0.082
Alivia,0.081
Giselle,0.081
Arya,0.08
Alayna,0.079
Leilani,0.079
Adeline,0.079
Jennifer,0.078
Tessa,0.078
Ana,0.078
Finley,0.077
Melissa,0.077
Daniela,0.077
Aniyah,0.076
Daleyza,0.075
Keira,0.075
Charlie,0.074
Lucia,0.073
Hope,0.073
Gabriela,0.072
Mckenna,0.072
Brynlee,0.072
Parker,0.071
Lola,0.071
Amaya,0.07
Miranda,0.07
Maggie,0.069
Anastasia,0.069
Leila,0.068
Lexi,0.068
Georgia,0.068
Kenzie,0.068
Iris,0.068
Jacqueline,0.067
Jordan,0.067
Cassidy,0.067
Vivienne,0.066
Camille,0.066
Noelle,0.066
Adrianna,0.066
Teagan,0.066
Josie,0.065
Juliette,0.065
Annabella,0.065
Allie,0.065
Juliet,0.065
Kendra,0.065
Sienna,0.065
Brynn,0.065
Kali,0.064
Maci,0.064
Danielle,0.064
Haley,0.063
Jenna,0.063
Raelynn,0.063
Delaney,0.063
Paris,0.063
Alexia,0.063
Lyric,0.062
Gemma,0.062
Lilliana,0.062
Chelsea,0.061
Angel,0.061
Evangeline,0.061
Ayla,0.06
Kayleigh,0.06
Lena,0.06
Katie,0.059
Elaina,0.059
Olive,0.059
Madeleine,0.059
Makenna,0.059
Dakota,0.059
Elsa,0.058
Nova,0.058
Nadia,0.058
Alison,0.058
Kaydence,0.057
Journey,0.057
Jada,0.057
Kathryn,0.057
Shelby,0.057
Nina,0.056
Elliana,0.056
Diana,0.056
Phoebe,0.056
Alessandra,0.056
Eloise,0.055
Nyla,0.055
Skyler,0.055
Madilyn,0.055
Adelynn,0.055
Miriam,0.055
Ashlyn,0.054
Amiyah,0.054
Megan,0.054
Amber,0.054
Rosalie,0.054
Annie,0.054
Lilah,0.054
Charlee,0.054
Amanda,0.054
Ruth,0.054
Adelaide,0.054
June,0.054
Laura,0.054
Daniella,0.053
Mikayla,0.053
Raegan,0.053
Jane,0.053
Ashlynn,0.052
Kelsey,0.052
Erin,0.052
Christina,0.052
Joanna,0.052
Fatima,0.052
Allyson,0.052
Talia,0.052
Mariana,0.052
Sabrina,0.052
Haven,0.052
Ainsley,0.051
Cadence,0.051
Elsie,0.051
Leslie,0.051
Heaven,0.051
Arielle,0.05
Maddison,0.05
Alicia,0.05
Briella,0.05
Lucille,0.05
Sawyer,0.049
Malia,0.049
Selena,0.049
Heidi,0.049
Kyleigh,0.049
Harley,0.048
Kira,0.048
Lana,0.048
Sierra,0.048
Kiara,0.047
Paislee,0.047
Alondra,0.047
Daphne,0.047
Carly,0.047
Jaylah,0.047
Kyla,0.047
Bianca,0.046
Baylee,0.046
Cheyenne,0.046
Macy,0.046
Camilla,0.046
Catalina,0.046
Gia,0.045
Vera,0.045
Skye,0.045
Aylin,0.045
Sloane,0.045
Myla,0.045
Yaretzi,0.045
Giuliana,0.045
Macie,0.045
Veronica,0.045
Esmeralda,0.044
Lia,0.044
Averie,0.044
Addyson,0.044
Kamryn,0.044
Mckinley,0.044
Ada,0.044
Carmen,0.044
Mallory,0.044
Jillian,0.044
Ariella,0.043
Rylie,0.043
Sage,0.043
Abby,0.043
Scarlet,0.043
Logan,0.043
Tatum,0.043
Bethany,0.043
Dylan,0.042
Elle,0.042
Jazmin,0.042
Aspen,0.042
Camryn,0.042
Malaysia,0.042
Haylee,0.042
Nayeli,0.042
Gracelyn,0.041
Kamila,0.041
Helen,0.041
Marilyn,0.041
April,0.041
Carolina,0.04
Amina,0.04
Julie,0.04
Raelyn,0.04
Blakely,0.04
Rowan,0.04
Angelique,0.04
Miracle,0.04
Emely,0.039
Jayleen,0.039
Kennedi,0.039
Amira,0.039
Briana,0.039
Gwendolyn,0.039
Justice,0.039
Zara,0.039
Aleah,0.039
Itzel,0.039
Bristol,0.039
Francesca,0.039
Emersyn,0.038
Aubrie,0.038
Karina,0.038
Nylah,0.038
Kelly,0.038
Anaya,0.038
Maliyah,0.038
Evelynn,0.038
Ember,0.038
Melany,0.038
Angelica,0.038
Jimena,0.037
Madelynn,0.037
Kassidy,0.037
Tiffany,0.037
Kara,0.037
Jazmine,0.037
Jayda,0.037
Dahlia,0.037
Alejandra,0.037
Sarai,0.037
Annabel,0.037
Holly,0.037
Janelle,0.036
Braelyn,0.036
Gracelynn,0.036
River,0.036
Viviana,0.036
Serena,0.036
Brittany,0.036
Annalise,0.036
Brinley,0.036
Madisyn,0.036
Eve,0.035
Cataleya,0.035
Joy,0.035
Caitlyn,0.035
Anabelle,0.035
Emmalyn,0.035
Journee,0.035
Celeste,0.035
Brylee,0.035
Luciana,0.035
Marlee,0.034
Savanna,0.034
Anya,0.034
Marissa,0.034
Jazlyn,0.034
Zuri,0.034
Kailey,0.034
Crystal,0.034
Michaela,0.034
Lorelei,0.034
Guadalupe,0.034
Madilynn,0.033
Maeve,0.033
Hanna,0.033
Priscilla,0.033
Kyra,0.033
Lacey,0.033
Nia,0.033
Charley,0.033
Jamie,0.033
Juniper,0.033
Cynthia,0.032
Karen,0.032
Sylvia,0.032
Phoenix,0.032
Aleena,0.032
Caitlin,0.032
Felicity,0.032
Elisa,0.032
Julissa,0.032
Rebekah,0.032
Evie,0.032
Helena,0.032
Imani,0.032
Karla,0.032
Millie,0.032
Lilian,0.032
Raven,0.031
Harlow,0.031
Leia,0.031
Ryan,0.031
Kailyn,0.031
Lillie,0.031
Amara,0.031
Kadence,0.031
Lauryn,0.031
Cassandra,0.031
Kaylie,0.03
Madalyn,0.03
Anika,0.03
Hayley,0.03
Bria,0.03
Colette,0.03
Henley,0.03
Amari,0.03
Regina,0.03
Alanna,0.03
Azalea,0.03
Fernanda,0.03
Jaliyah,0.03
Anabella,0.03
Adelina,0.03
Lilyana,0.03
Skyla,0.03
Addisyn,0.03
Zariah,0.03
Bridget,0.03
Braylee,0.03
Monica,0.03
Jayden,0.029
Leighton,0.029
Gloria,0.029
Johanna,0.029
Addilyn,0.029
Danna,0.029
Selah,0.029
Aryanna,0.029
Kaylin,0.029
Aniya,0.029
Willa,0.029
Angie,0.029
Kaia,0.029
Kaliyah,0.029
Anne,0.029
Tiana,0.029
Charleigh,0.029
Winter,0.029
Danica,0.028
Alayah,0.028
Aisha,0.028
Bailee,0.028
Kenley,0.028
Aileen,0.028
Lexie,0.028
Janiyah,0.028
Braelynn,0.028
Liberty,0.028
Katelynn,0.028
Mariam,0.028
Sasha,0.028
Lindsey,0.028
Montserrat,0.027
Cecelia,0.027
Mikaela,0.027
Kaelyn,0.027
Rosemary,0.027
Annika,0.027
Tatiana,0.027
Cameron,0.027
Marie,0.027
Dallas,0.027
Virginia,0.027
Liana,0.027
Matilda,0.027
Freya,0.026
Lainey,0.026
Hallie,0.026
Jessie,0.026
Audrina,0.026
Blake,0.026
Hattie,0.026
Monserrat,0.026
Kiera,0.025
Laylah,0.025
Greta,0.025
Alyson,0.025
Emilee,0.025
Maryam,0.025
Melina,0.025
Dayana,0.025
Jaelynn,0.025
Beatrice,0.025
Frances,0.025
Elisabeth,0.025
Saige,0.025
Kensley,0.025
Meredith,0.025
Aranza,0.024
Rosa,0.024
Shiloh,0.024
Charli,0.024
Elyse,0.024
Alani,0.024
Mira,0.024
Lylah,0.024
Linda,0.024
Whitney,0.024
Alena,0.024
Jaycee,0.024
Joselyn,0.024
Ansley,0.024
Kynlee,0.024
Miah,0.024
Tenley,0.024
Breanna,0.023
Emelia,0.023
Maia,0.023
Edith,0.023
Pearl,0.023
Anahi,0.023
Coraline,0.023
Samara,0.023
Demi,0.023
Chanel,0.023
Kimber,0.023
Lilith,0.023
Malaya,0.023
Jemma,0.023
Myra,0.023
Bryanna,0.023
Laney,0.023
Jaelyn,0.023
Kaylynn,0.023
Kallie,0.023
Natasha,0.023
Nathalie,0.023
Perla,0.023
Amani,0.023
Lilianna,0.023
Madalynn,0.022
Blair,0.022
Elianna,0.022
Karsyn,0.022
Lindsay,0.022
Elaine,0.022
Dulce,0.022
Ellen,0.022
Erica,0.022
Maisie,0.022
Renata,0.022
Kiley,0.022
Marina,0.022
Remi,0.022
Emmy,0.022
Ivanna,0.022
Amirah,0.022
Livia,0.022
Amelie,0.022
Irene,0.022
Mabel,0.022
Milan,0.022
Armani,0.022
Cara,0.022
Ciara,0.022
Kathleen,0.022
Jaylynn,0.021
Caylee,0.021
Lea,0.021
Erika,0.021
Paola,0.021
Alma,0.021
Courtney,0.021
Mae,0.021
Kassandra,0.021
Maleah,0.021
Remington,0.021
Leyla,0.021
Mina,0.021
Ariah,0.021
Christine,0.021
Jasmin,0.021
Kora,0.021
Chaya,0.021
Karlee,0.021
Lailah,0.021
Mara,0.021
Jaylee,0.021
Raquel,0.021
Siena,0.021
Lennon,0.021
Desiree,0.021
Hadassah,0.021
Kenya,0.021
Aliana,0.02
Wren,0.02
Amiya,0.02
Isis,0.02
Zaniyah,0.02
Avah,0.02
Amia,0.02
Cindy,0.02
Eileen,0.02
Kayden,0.02
Madyson,0.02
Celine,0.02
Aryana,0.02
Everleigh,0.02
Isabela,0.02
Reyna,0.02
Teresa,0.02
Jolene,0.02
Marjorie,0.02
Myah,0.02
Clare,0.02
Claudia,0.02
Leanna,0.02
Noemi,0.02
Corinne,0.02
Simone,0.02
Alia,0.02
Brenda,0.02
Dorothy,0.02
Emilie,0.02
Elin,0.02
Tori,0.019
Martha,0.019
Ally,0.019
Arely,0.019
Leona,0.019
Patricia,0.019
Sky,0.019
Thalia,0.019
Carolyn,0.019
Emory,0.019
Nataly,0.019
Paityn,0.019
Shayla,0.019
Averi,0.019
Jazlynn,0.019
Margot,0.019
Lisa,0.019
Lizbeth,0.019
Nancy,0.019
Deborah,0.019
Ivory,0.019
Khaleesi,0.019
Elliot,0.019
Meadow,0.019
Yareli,0.019
Farrah,0.019
Milania,0.019
Janessa,0.019
Milana,0.019
Zoie,0.019
Adele,0.019
Clarissa,0.019
Hunter,0.019
Lina,0.019
Oakley,0.019
Sariah,0.019
Emmalynn,0.019
Galilea,0.019
Hailee,0.019
Halle,0.019
Sutton,0.019
Giana,0.019
Thea,0.019
Denise,0.018
Naya,0.018
Kristina,0.018
Liv,0.018
Nathaly,0.018
Wendy,0.018
Aubrielle,0.018
Brenna,0.018
Carter,0.018
Danika,0.018
Monroe,0.018
Celia,0.018
Dana,0.018
Jolie,0.018
Taliyah,0.018
Casey,0.018
Miley,0.018
Yamileth,0.018
Jaylene,0.018
Saylor,0.018
Joyce,0.018
Milena,0.018
Zariyah,0.018
Sandra,0.018
Ariadne,0.018
Aviana,0.018
Mollie,0.018
Cherish,0.018
Alaya,0.018
Asia,0.018
Nola,0.018
Penny,0.018
Dixie,0.018
Marisol,0.018
Adrienne,0.017
Rylan,0.017
Kori,0.017
Kristen,0.017
Aimee,0.017
Esme,0.017
Laurel,0.017
Aliza,0.017
Roselyn,0.017
Sloan,0.017
Lorelai,0.017
Jenny,0.017
Katalina,0.017
Lara,0.017
Amya,0.017
Ayleen,0.017
Aubri,0.017
Ariya,0.017
Carlee,0.017
Iliana,0.017
Magnolia,0.017
Aurelia,0.017
Elliott,0.017
Evalyn,0.017
Natalee,0.017
Rayna,0.017
Heather,0.017
Collins,0.017
Estrella,0.017
Rory,0.017
Hana,0.017
Kenna,0.017
Jordynn,0.017
Rosie,0.017
Aiyana,0.017
America,0.017
Angeline,0.017
Janiya,0.017
Jessa,0.017
Tegan,0.017
Susan,0.017
Emmalee,0.017
Taryn,0.017
Temperance,0.017
Alissa,0.016
Kenia,0.016
Abbigail,0.016
Briley,0.016
Kailee,0.016
Zaria,0.016
Chana,0.016
Lillianna,0.016
Barbara,0.016
Carla,0.016
Aliya,0.016
Bonnie,0.016
Keyla,0.016
Marianna,0.016
Paloma,0.016
Jewel,0.016
Joslyn,0.016
Saniyah,0.016
Audriana,0.016
Giovanna,0.016
Hadleigh,0.016
Mckayla,0.016
Jaida,0.016
Salma,0.016
Sharon,0.016
Emmaline,0.016
Kimora,0.016
Wynter,0.016
Avianna,0.016
Amalia,0.016
Karlie,0.016
Kaidence,0.016
Kairi,0.016
Libby,0.016
Sherlyn,0.016
Diamond,0.016
Holland,0.016
Zendaya,0.016
Mariyah,0.016
Zainab,0.016
Alisha,0.015
Ayanna,0.015
Ellison,0.015
Harlee,0.015
Lilyanna,0.015
Bryleigh,0.015
Julianne,0.015
Kaleigh,0.015
Miya,0.015
Yasmin,0.015
Anniston,0.015
Estelle,0.015
Emmeline,0.015
Faye,0.015
Kiana,0.015
Anabel,0.015
Zion,0.015
Tara,0.015
Astrid,0.015
Emerie,0.015
Sidney,0.015
Zahra,0.015
Jaylin,0.015
Kinslee,0.015
Tabitha,0.015
Aubriella,0.015
Addilynn,0.015
Alyvia,0.015
Hadlee,0.015
Ingrid,0.015
Lilia,0.015
Macey,0.015
Azaria,0.015
Kaitlynn,0.015
Neriah,0.015
Annabell,0.015
Ariyah,0.015
Janae,0.015
Kaiya,0.015
Reina,0.015
Rivka,0.015
Alisa,0.015
Marleigh,0.015
Alisson,0.015
Maliah,0.015
Mercy,0.015
Noa,0.015
Scarlette,0.015
Clementine,0.015
Frida,0.015
Ann,0.015
Sonia,0.015
Alannah,0.014
Avalynn,0.014
Dalia,0.014
Ayva,0.014
Stevie,0.014
Judith,0.014
Paulina,0.014
Azariah,0.014
Estella,0.014
Remy,0.014
Gwen,0.014
Mattie,0.014
Milani,0.014
Raina,0.014
Julieta,0.014
Renee,0.014
Lesly,0.014
Abrielle,0.014
Bryn,0.014
Carlie,0.014
Riya,0.014
Karter,0.014
Abril,0.014
Aubrianna,0.014
Jocelynn,0.014
Kylah,0.014
Louisa,0.014
Pyper,0.014
Antonia,0.014
Magdalena,0.014
Moriah,0.014
Ryann,0.014
Tamia,0.014
Kailani,0.014
Landry,0.014
Aya,0.014
Ireland,0.014
Mercedes,0.014
Rosalyn,0.014
Alaysia,0.014
Annalee,0.014
Patience,0.014
Aanya,0.014
Paula,0.014
Samiyah,0.014
Yaritza,0.014
Cordelia,0.014
Micah,0.014
Nala,0.014
Belen,0.014
Cambria,0.014
Natalya,0.014
Kaelynn,0.014
Kai,0.014
