Howard,305501
Johnny,306644
Bobby,312396
Gabriel,316994
Vincent,318649
Philip,322784
Randy,326242
Harry,328572
Kathy,331748
Abigail,332205
Russell,332345
Natalie,332764
Noah,334510
Tiffany,334761
Juan,335078
Mildred,337147
Lori,338001
Alan,340305
Dylan,341741
Louis,342030
Wayne,345028
Jane,346355
Eugene,350195
Diana,353716
Madison,356539
Brittany,356950
Jordan,358205
Roy,358993
Danielle,364277
Amber,366992
Ralph,368567
Marilyn,368589
Denise,371022
Beverly,373107
Bryan,374781
Bruce,376715
Judy,378561
Theresa,379554
Rose,380303
Billy,380777
Grace,381300
Ethan,385670
Jesse,389033
Olivia,391122
Julia,391245
Willie,391791
Austin,393837
Christian,398361
Janice,402115
Sara,402765
Hannah,405319
Teresa,405756
Joe,408219
Gloria,408646
Albert,412271
Sean,413108
Jacqueline,417579
Kathryn,418924
Marie,419701
Terry,421056
Lawrence,425267
Andrea,425691
Doris,428491
Jeremy,429605
Jean,431285
Keith,431697
Ann,432933
Roger,433138
Alice,434321
Megan,434716
Cheryl,436873
Gerald,437276
Arthur,446834
Judith,449771
Carl,457208
Victoria,459390
Lauren,462035
Martha,465510
Kelly,469281
Christina,469422
Kyle,473517
Joan,473584
Evelyn,475765
Frances,485848
Harold,493544
Joyce,503565
Julie,504824
Emma,515203
Diane,515588
Nathan,519596
Walter,521948
Zachary,522738
Maria,523345
Heather,523880
Adam,534630
Jose,544666
Rachel,545246
Carolyn,546036
Peter,547113
Janet,547960
Debra,548254
Douglas,552251
Henry,554227
Aaron,555964
Samantha,559433
Christine,569735
Tyler,574871
Catherine,578650
Nicole,581755
Katherine,583340
Virginia,588290
Pamela,592691
Jerry,604320
Brenda,605611
Dennis,611452
Alexander,623641
Jack,631750
Ruth,655204
Angela,655780
Patrick,658294
Anna,672203
Amy,676479
Shirley,676952
Benjamin,684442
Samuel,687646
Kathleen,697829
Gregory,704223
Cynthia,704835
Raymond,717602
Sharon,720471
Rebecca,728673
Laura,732654
Stephanie,735098
Deborah,738780
Brandon,745520
Melissa,748849
Justin,765616
Frank,767442
Scott,768055
Amanda,770793
Helen,786569
Emily,797386
Larry,802180
Michelle,805932
Carol,810812
Jonathan,819504
Donna,826032
Kimberly,830784
Ashley,837521
Stephen,842151
Eric,867872
Sandra,872565
Nicholas,876707
Jacob,878974
Gary,898480
Ryan,908402
Lisa,963755
Dorothy,965414
Betty,969245
Jeffrey,970986
Nancy,977902
Karen,983705
Sarah,997487
Jason,1018899
Margaret,1039138
Jessica,1040806
Timothy,1060589
Ronald,1073387
Susan,1107120
Kevin,1158193
Brian,1159931
Edward,1161014
Joshua,1183279
Andrew,1235374
Kenneth,1245190
George,1245503
Steven,1274181
Paul,1324932
Mark,1341184
Donald,1382078
Anthony,1388799
Barbara,1415983
Linda,1447765
Elizabeth,1454754
Jennifer,1463714
Matthew,1559938
Patricia,1565942
Daniel,1856319
Christopher,2001860
Charles,2178265
Thomas,2184048
Joseph,2411191
Richard,2504113
Mary,3514032
David,3547628
William,3714280
Michael,4297063
Robert,4626414
John,4676131
James,4836379
